Name;Sweep (T1);;;Name;Sweep (T1);;;
Date;14/09/2024;;;Date;14/09/2024;;;
Time;9:57:08 a. m.;;;Time;9:59:25 a. m.;;;
GPS Latitude;- - -;;;GPS Latitude;- - -;;;
GPS Longitude;- - -;;;GPS Longitude;- - -;;;
GPS Altitude;- - -;;;GPS Altitude;- - -;;;
Instrument;FSH8 - 115108/028;;;Instrument;FSH8 - 115108/028;;;
Firmware Version;V3.50;;;Firmware Version;V3.50;;;
Instrument Mode;Spectrum Analyzer;;;Instrument Mode;Spectrum Analyzer;;;
Meas Mode;Spectrum;;;Meas Mode;Spectrum;;;
Uplink;- - -;;;Uplink;- - -;;;
Downlink;- - -;;;Downlink;- - -;;;
Channel;- - -;;;Channel;- - -;;;
Center Frequency;93900000;Hz;;Center Frequency;93900000;Hz;;
Frequency Offset;0;Hz;;Frequency Offset;0;Hz;;
Span;1000000;Hz;;Span;1000000;Hz;;
Ref Level;-20;dBm;;Ref Level;-20;dBm;;
Ref Offset;0;dB;;Ref Offset;0;dB;;
Ref Position;1;;;Ref Position;1;;;
Range;100;dB;;Range;100;dB;;
RF Attenuation;Auto Low Distortion;;;RF Attenuation;Auto Low Distortion;;;
RF Attenuator;0;dB;;RF Attenuator;0;dB;;
Pre-Amplifier;Off;;;Pre-Amplifier;Off;;;
RF Input;50 Ω;;;RF Input;50 Ω;;;
RBW;30000;Hz;;RBW;30000;Hz;;
VBW;30000;Hz;;VBW;30000;Hz;;
SWT;0,02;s;;SWT;0,02;s;;
Trigger Mode;Free Run;;;Trigger Mode;Free Run;;;
Trigger Level;- - -;;;Trigger Level;- - -;;;
Trigger Delay;- - -;;;Trigger Delay;- - -;;;
Trace Mode;Clear / Write;;;Trace Mode;Clear / Write;;;
Trace Math;Off;;;Trace Math;Off;;;
Trace Detector;Auto Peak;;;Trace Detector;Auto Peak;;;
Primary Transducer;- - -;;;Primary Transducer;- - -;;;
Secondary Transducer;- - -;;;Secondary Transducer;- - -;;;
Gated Trigger;Off;;;Gated Trigger;Off;;;
Gate Mode;Edge;;;Gate Mode;Edge;;;
Gate Delay;0;s;;Gate Delay;0;s;;
Gate Length;0,0004;s;;Gate Length;0,0004;s;;
Isotropic Antenna;Off;;;Isotropic Antenna;Off;;;
Limit Line 1;- - -;;;Limit Line 1;- - -;;;
Result Limit Line 1;- - -;;;Result Limit Line 1;- - -;;;
Limit Line 2;- - -;;;Limit Line 2;- - -;;;
Result Limit Line 2;- - -;;;Result Limit Line 2;- - -;;;
Marker 1;93931746;Hz;;Marker 1;93931746;Hz;;
Marker 1 Value;-62,82;dBm;;Marker 1 Value;-72,89;dBm;;
Marker 2;94129685,3;Hz;;Marker 2;94129685,3;Hz;;
Marker 2 Value;-101,76;dBm;;Marker 2 Value;-94,93;dBm;;

Frequency [Hz];Maximum [dBm];Minimum [dBm];;Frequency [Hz];Maximum [dBm];Minimum [dBm];;
93400000;-90,7432479858398;-96,1555709838867;;93400000;-82,6981506347656;-89,7834930419922;;
93401587,3015873;-90,7432479858398;-96,1555709838867;;93401587,3015873;-82,6981506347656;-89,7834930419922;;
93403174,6031746;-93,9842147827148;-101,592750549316;;93403174,6031746;-90,2409439086914;-104,182922363281;;
93404761,9047619;-90,2694244384766;-101,011215209961;;93404761,9047619;-92,9499206542969;-103,874641418457;;
93406349,2063492;-83,9311981201172;-99,877311706543;;93406349,2063492;-92,4856719970703;-98,5511093139648;;
93407936,5079365;-87,7099609375;-98,7028503417969;;93407936,5079365;-83,3843078613281;-91,998908996582;;
93409523,8095238;-86,0518569946289;-91,8914566040039;;93409523,8095238;-80,6377716064453;-83,5753631591797;;
93411111,1111111;-88,6865844726563;-91,0156021118164;;93411111,1111111;-80,4630584716797;-85,6026229858398;;
93412698,4126984;-89,032600402832;-99,7190475463867;;93412698,4126984;-85,5583038330078;-95,2145690917969;;
93414285,7142857;-86,0867691040039;-98,0048522949219;;93414285,7142857;-85,4265975952148;-92,0538787841797;;
93415873,015873;-81,6617889404297;-87,289436340332;;93415873,015873;-79,8693313598633;-84,9143905639648;;
93417460,3174603;-80,6323776245117;-82,7195434570313;;93417460,3174603;-79,7891540527344;-84,6275634765625;;
93419047,6190476;-79,7976531982422;-87,5790710449219;;93419047,6190476;-79,8054428100586;-83,6402816772461;;
93420634,9206349;-80,2891235351563;-87,021728515625;;93420634,9206349;-81,6368103027344;-82,3297882080078;;
93422222,2222222;-81,3688583374023;-90,3594131469727;;93422222,2222222;-81,3622894287109;-88,3865661621094;;
93423809,5238095;-80,7354049682617;-88,7305297851563;;93423809,5238095;-84,09423828125;-96,6846008300781;;
93425396,8253968;-80,8722152709961;-83,5664596557617;;93425396,8253968;-77,9336624145508;-83,7823867797852;;
93426984,1269841;-79,9589920043945;-82,7361450195313;;93426984,1269841;-78,0385055541992;-96,0224990844727;;
93428571,4285714;-81,3879013061523;-83,8129577636719;;93428571,4285714;-84,628547668457;-94,7778244018555;;
93430158,7301587;-81,7130737304688;-82,9039001464844;;93430158,7301587;-87,8376083374023;-95,0729598999023;;
93431746,031746;-80,64404296875;-86,1080169677734;;93431746,031746;-85,7490539550781;-96,3994293212891;;
93433333,3333333;-79,0466995239258;-82,3589096069336;;93433333,3333333;-86,1401062011719;-94,8557739257813;;
93434920,6349206;-82,6253051757813;-92,3020706176758;;93434920,6349206;-93,9222412109375;-97,9930191040039;;
93436507,9365079;-81,504768371582;-85,3857727050781;;93436507,9365079;-91,9480743408203;-101,294616699219;;
93438095,2380952;-81,2672729492188;-84,3901672363281;;93438095,2380952;-95,1606063842773;-102,144020080566;;
93439682,5396825;-81,9921417236328;-84,6591491699219;;93439682,5396825;-98,2723922729492;-109,16674041748;;
93441269,8412698;-80,8470001220703;-83,8916015625;;93441269,8412698;-90,0716934204102;-107,722434997559;;
93442857,1428571;-80,8256683349609;-83,4629440307617;;93442857,1428571;-90,0761413574219;-98,4006500244141;;
93444444,4444444;-81,0985870361328;-83,6110992431641;;93444444,4444444;-91,9866790771484;-97,1105422973633;;
93446031,7460317;-81,2826614379883;-81,9620971679688;;93446031,7460317;-95,2796020507813;-103,552375793457;;
93447619,047619;-81,7870864868164;-84,201057434082;;93447619,047619;-95,5068283081055;-100,675048828125;;
93449206,3492063;-81,4587020874023;-84,1853561401367;;93449206,3492063;-91,8845596313477;-97,7408828735352;;
93450793,6507937;-80,4345626831055;-85,3214569091797;;93450793,6507937;-92,1873397827148;-98,2612380981445;;
93452380,952381;-82,280517578125;-85,3019104003906;;93452380,952381;-93,676872253418;-101,349311828613;;
93453968,2539683;-80,3069076538086;-82,2204208374023;;93453968,2539683;-94,9006195068359;-107,162780761719;;
93455555,5555556;-80,7919387817383;-83,0608901977539;;93455555,5555556;-93,7137985229492;-103,957931518555;;
93457142,8571429;-83,0049285888672;-83,5872116088867;;93457142,8571429;-93,0141220092773;-106,711502075195;;
93458730,1587302;-80,2227172851563;-83,0517578125;;93458730,1587302;-88,587516784668;-92,8291473388672;;
93460317,4603175;-81,0335998535156;-85,5683288574219;;93460317,4603175;-89,3496246337891;-95,9633941650391;;
93461904,7619048;-81,0180435180664;-85,5995330810547;;93461904,7619048;-90,089729309082;-95,7456665039063;;
93463492,0634921;-82,9701995849609;-85,8766326904297;;93463492,0634921;-87,4926834106445;-95,6510848999023;;
93465079,3650794;-82,7980728149414;-96,5133895874023;;93465079,3650794;-91,4668731689453;-97,5881042480469;;
93466666,6666667;-85,0780944824219;-88,027946472168;;93466666,6666667;-89,8464508056641;-97,2443771362305;;
93468253,968254;-86,1184539794922;-98,8143844604492;;93468253,968254;-94,1226577758789;-102,304069519043;;
93469841,2698413;-85,3623428344727;-99,2472229003906;;93469841,2698413;-89,5534057617188;-96,1538314819336;;
93471428,5714286;-87,6903228759766;-101,053932189941;;93471428,5714286;-91,7579574584961;-97,3932342529297;;
93473015,8730159;-87,7158432006836;-97,8351440429688;;93473015,8730159;-94,5475463867188;-97,825798034668;;
93474603,1746032;-92,5978698730469;-99,8421478271484;;93474603,1746032;-93,7051773071289;-102,401008605957;;
93476190,4761905;-95,0961685180664;-99,3612670898438;;93476190,4761905;-89,7559661865234;-93,4237365722656;;
93477777,7777778;-94,7903518676758;-105,458656311035;;93477777,7777778;-92,6315002441406;-94,3366851806641;;
93479365,0793651;-97,3747177124023;-104,114219665527;;93479365,0793651;-90,281379699707;-99,0107574462891;;
93480952,3809524;-97,0057754516602;-105,801605224609;;93480952,3809524;-89,3594818115234;-97,8899765014648;;
93482539,6825397;-94,6481552124023;-106,173866271973;;93482539,6825397;-91,6347732543945;-101,821441650391;;
93484126,984127;-99,0668792724609;-104,182174682617;;93484126,984127;-89,1193618774414;-95,15478515625;;
93485714,2857143;-89,6147918701172;-101,909561157227;;93485714,2857143;-90,5975494384766;-93,9535675048828;;
93487301,5873016;-89,5987701416016;-100,695739746094;;93487301,5873016;-89,4561004638672;-97,0848388671875;;
93488888,8888889;-98,7760848999023;-106,307647705078;;93488888,8888889;-86,0400238037109;-100,30696105957;;
93490476,1904762;-92,0693130493164;-105,039947509766;;93490476,1904762;-99,2458267211914;-110,22193145752;;
93492063,4920635;-89,9879608154297;-94,9717102050781;;93492063,4920635;-90,5777359008789;-103,434112548828;;
93493650,7936508;-90,4959564208984;-93,2720108032227;;93493650,7936508;-87,768669128418;-93,6711730957031;;
93495238,0952381;-93,2282867431641;-97,4723205566406;;93495238,0952381;-89,1602249145508;-95,2336349487305;;
93496825,3968254;-94,8942108154297;-102,964263916016;;93496825,3968254;-84,1989898681641;-94,9939422607422;;
93498412,6984127;-93,166130065918;-102,072250366211;;93498412,6984127;-82,5455017089844;-84,0122833251953;;
93500000;-97,1536483764648;-99,7272567749023;;93500000;-82,7631072998047;-98,3061294555664;;
93501587,3015873;-94,7022247314453;-100,542999267578;;93501587,3015873;-93,9639129638672;-104,08708190918;;
93503174,6031746;-91,0122604370117;-99,5809860229492;;93503174,6031746;-94,5314407348633;-104,128768920898;;
93504761,9047619;-89,2493896484375;-100,321792602539;;93504761,9047619;-92,776496887207;-99,7599029541016;;
93506349,2063492;-93,518180847168;-99,3596496582031;;93506349,2063492;-90,3823547363281;-96,7556381225586;;
93507936,5079365;-93,5579681396484;-101,744812011719;;93507936,5079365;-90,8374252319336;-95,3526992797852;;
93509523,8095238;-90,3986511230469;-99,7649459838867;;93509523,8095238;-91,0420684814453;-94,7605743408203;;
93511111,1111111;-93,8733520507813;-100,914451599121;;93511111,1111111;-91,7461395263672;-95,2122650146484;;
93512698,4126984;-93,9173736572266;-97,7312545776367;;93512698,4126984;-87,8872756958008;-101,854049682617;;
93514285,7142857;-87,4168090820313;-94,7398223876953;;93514285,7142857;-84,9924621582031;-89,7381896972656;;
93515873,015873;-90,7233581542969;-103,278480529785;;93515873,015873;-86,9338912963867;-94,6387176513672;;
93517460,3174603;-96,3037033081055;-104,030090332031;;93517460,3174603;-95,3901138305664;-101,933769226074;;
93519047,6190476;-96,0526123046875;-101,482513427734;;93519047,6190476;-98,0302581787109;-102,359275817871;;
93520634,9206349;-93,0522155761719;-98,8946533203125;;93520634,9206349;-88,6427459716797;-101,835632324219;;
93522222,2222222;-96,0963592529297;-103,390335083008;;93522222,2222222;-88,5966796875;-104,638412475586;;
93523809,5238095;-90,7915802001953;-97,0519866943359;;93523809,5238095;-92,0594711303711;-103,595504760742;;
93525396,8253968;-90,5729522705078;-94,9065628051758;;93525396,8253968;-90,5708847045898;-93,6761779785156;;
93526984,1269841;-89,3473815917969;-95,251594543457;;93526984,1269841;-90,3511123657227;-100,240921020508;;
93528571,4285714;-89,2762832641602;-103,075035095215;;93528571,4285714;-93,6935195922852;-108,00350189209;;
93530158,7301587;-94,6290588378906;-105,079864501953;;93530158,7301587;-91,2262802124023;-103,330871582031;;
93531746,031746;-94,5492477416992;-99,8041458129883;;93531746,031746;-99,3932647705078;-108,94416809082;;
93533333,3333333;-94,6996383666992;-99,7211227416992;;93533333,3333333;-96,4627838134766;-100,01904296875;;
93534920,6349206;-94,6129837036133;-100,62809753418;;93534920,6349206;-92,7294158935547;-97,8516159057617;;
93536507,9365079;-93,6204986572266;-97,2874603271484;;93536507,9365079;-91,8665771484375;-106,051483154297;;
93538095,2380952;-92,6641616821289;-95,948844909668;;93538095,2380952;-91,7577667236328;-94,5878829956055;;
93539682,5396825;-88,1321792602539;-94,5475387573242;;93539682,5396825;-93,6100692749023;-104,685081481934;;
93541269,8412698;-88,1643524169922;-101,482208251953;;93541269,8412698;-91,8021774291992;-95,9231796264648;;
93542857,1428571;-97,1635284423828;-105,206214904785;;93542857,1428571;-96,2583770751953;-103,102157592773;;
93544444,4444444;-94,7956085205078;-102,025581359863;;93544444,4444444;-94,067512512207;-101,098449707031;;
93546031,7460317;-92,8689880371094;-101,427062988281;;93546031,7460317;-92,2559280395508;-98,0371627807617;;
93547619,047619;-92,6722640991211;-95,0073318481445;;93547619,047619;-96,7107925415039;-104,341857910156;;
93549206,3492063;-95,2486343383789;-96,8025817871094;;93549206,3492063;-95,3933792114258;-107,553329467773;;
93550793,6507937;-90,1426391601563;-100,258186340332;;93550793,6507937;-92,9940567016602;-96,2408981323242;;
93552380,952381;-89,2218017578125;-99,5933685302734;;93552380,952381;-92,9120330810547;-96,1968688964844;;
93553968,2539683;-86,2161712646484;-90,384521484375;;93553968,2539683;-90,6077194213867;-92,5491790771484;;
93555555,5555556;-90,6364517211914;-94,3070068359375;;93555555,5555556;-90,5204772949219;-96,6068344116211;;
93557142,8571429;-93,4718627929688;-93,8445587158203;;93557142,8571429;-89,7911605834961;-98,2890853881836;;
93558730,1587302;-93,596565246582;-97,9183807373047;;93558730,1587302;-91,5122451782227;-100,543266296387;;
93560317,4603175;-90,9568405151367;-94,1709899902344;;93560317,4603175;-95,0666885375977;-100,129493713379;;
93561904,7619048;-90,4140777587891;-105,86393737793;;93561904,7619048;-97,5031890869141;-105,409339904785;;
93563492,0634921;-93,226806640625;-99,0630645751953;;93563492,0634921;-94,9449615478516;-106,896415710449;;
93565079,3650794;-91,3882369995117;-98,7349090576172;;93565079,3650794;-96,1751403808594;-99,3412551879883;;
93566666,6666667;-92,3745422363281;-94,5191040039063;;93566666,6666667;-95,9066619873047;-103,904502868652;;
93568253,968254;-89,8425521850586;-92,364501953125;;93568253,968254;-95,3102340698242;-103,618988037109;;
93569841,2698413;-90,6418075561523;-92,5621871948242;;93569841,2698413;-93,723876953125;-96,5158081054688;;
93571428,5714286;-92,8238525390625;-95,4424133300781;;93571428,5714286;-90,6657638549805;-97,1492233276367;;
93573015,8730159;-95,2163925170898;-109,123847961426;;93573015,8730159;-93,6416702270508;-98,2671127319336;;
93574603,1746032;-89,5367431640625;-100,552856445313;;93574603,1746032;-93,1326141357422;-98,1144104003906;;
93576190,4761905;-87,9122467041016;-89,2092132568359;;93576190,4761905;-91,1425628662109;-97,8595275878906;;
93577777,7777778;-89,1916046142578;-90,3343658447266;;93577777,7777778;-89,7790451049805;-104,321472167969;;
93579365,0793651;-90,4197387695313;-100,082252502441;;93579365,0793651;-97,0510101318359;-106,857215881348;;
93580952,3809524;-88,849739074707;-104,047706604004;;93580952,3809524;-92,1100997924805;-96,4218444824219;;
93582539,6825397;-88,8363494873047;-105,088012695313;;93582539,6825397;-92,4610443115234;-95,3600616455078;;
93584126,984127;-94,5120468139648;-100,330345153809;;93584126,984127;-89,2426681518555;-94,8427352905273;;
93585714,2857143;-93,9519195556641;-105,135833740234;;93585714,2857143;-89,9793395996094;-99,3812942504883;;
93587301,5873016;-93,5876693725586;-96,9635848999023;;93587301,5873016;-92,7945175170898;-108,508811950684;;
93588888,8888889;-90,9557037353516;-96,0016021728516;;93588888,8888889;-92,8197555541992;-103,180801391602;;
93590476,1904762;-90,9500274658203;-99,7978210449219;;93590476,1904762;-90,8187637329102;-93,7427520751953;;
93592063,4920635;-95,4540405273438;-107,224990844727;;93592063,4920635;-93,9269409179688;-102,180709838867;;
93593650,7936508;-94,8769836425781;-96,2858047485352;;93593650,7936508;-93,110466003418;-102,27018737793;;
93595238,0952381;-92,3644866943359;-95,9574203491211;;93595238,0952381;-98,0837020874023;-108,089126586914;;
93596825,3968254;-92,6414031982422;-102,377136230469;;93596825,3968254;-92,4743728637695;-110,752258300781;;
93598412,6984127;-96,0393371582031;-101,126068115234;;93598412,6984127;-92,0182723999023;-94,218391418457;;
93600000;-96,2757797241211;-110,111106872559;;93600000;-92,071418762207;-104,698989868164;;
93601587,3015873;-97,1172256469727;-110,695304870605;;93601587,3015873;-94,7296829223633;-103,766052246094;;
93603174,6031746;-97,0862731933594;-110,303436279297;;93603174,6031746;-92,45703125;-98,3116989135742;;
93604761,9047619;-93,4656143188477;-96,5797271728516;;93604761,9047619;-95,1899719238281;-100,73218536377;;
93606349,2063492;-91,8998260498047;-98,6221923828125;;93606349,2063492;-98,0046615600586;-104,364761352539;;
93607936,5079365;-92,8974990844727;-99,9722518920898;;93607936,5079365;-92,9349594116211;-100,446388244629;;
93609523,8095238;-98,350959777832;-102,233741760254;;93609523,8095238;-94,7037506103516;-98,750732421875;;
93611111,1111111;-95,1501388549805;-100,793365478516;;93611111,1111111;-94,5690307617188;-97,5853652954102;;
93612698,4126984;-95,2697830200195;-101,431610107422;;93612698,4126984;-96,5828628540039;-105,267303466797;;
93614285,7142857;-98,9799575805664;-104,450721740723;;93614285,7142857;-95,5241470336914;-112,149787902832;;
93615873,015873;-92,474250793457;-102,134498596191;;93615873,015873;-92,9653472900391;-100,583648681641;;
93617460,3174603;-92,7017974853516;-98,0824737548828;;93617460,3174603;-95,6905364990234;-107,912742614746;;
93619047,6190476;-93,6377105712891;-97,0507431030273;;93619047,6190476;-98,232536315918;-107,569679260254;;
93620634,9206349;-92,7994918823242;-96,4975433349609;;93620634,9206349;-100,997566223145;-116,737503051758;;
93622222,2222222;-92,7975006103516;-97,8458099365234;;93622222,2222222;-92,5044631958008;-117,109741210938;;
93623809,5238095;-95,0226058959961;-97,3461227416992;;93623809,5238095;-92,3845672607422;-100,143486022949;;
93625396,8253968;-92,840950012207;-95,7341613769531;;93625396,8253968;-96,9176406860352;-99,5490493774414;;
93626984,1269841;-93,1206512451172;-98,3464889526367;;93626984,1269841;-94,9029541015625;-98,8081893920898;;
93628571,4285714;-92,2352828979492;-98,3737335205078;;93628571,4285714;-94,5835418701172;-100,072883605957;;
93630158,7301587;-91,2147521972656;-92,091178894043;;93630158,7301587;-94,138069152832;-99,7525177001953;;
93631746,031746;-92,00439453125;-100,735794067383;;93631746,031746;-96,3841934204102;-98,6883850097656;;
93633333,3333333;-98,5912246704102;-112,424949645996;;93633333,3333333;-93,8804550170898;-103,076530456543;;
93634920,6349206;-97,0740356445313;-100,427597045898;;93634920,6349206;-92,2342910766602;-103,262672424316;;
93636507,9365079;-93,9501953125;-99,0803833007813;;93636507,9365079;-92,1614608764648;-97,5892944335938;;
93638095,2380952;-96,9962158203125;-102,931060791016;;93638095,2380952;-96,1700820922852;-109,731575012207;;
93639682,5396825;-94,4998245239258;-99,0436859130859;;93639682,5396825;-99,6252136230469;-113,534866333008;;
93641269,8412698;-94,3408813476563;-98,8470993041992;;93641269,8412698;-99,0212554931641;-102,595405578613;;
93642857,1428571;-95,9977951049805;-105,988510131836;;93642857,1428571;-93,4211807250977;-102,315338134766;;
93644444,4444444;-96,5021896362305;-104,972816467285;;93644444,4444444;-93,9252624511719;-106,802619934082;;
93646031,7460317;-97,8318252563477;-105,062210083008;;93646031,7460317;-95,127555847168;-102,731872558594;;
93647619,047619;-101,699409484863;-105,239562988281;;93647619,047619;-95,2509384155273;-108,638298034668;;
93649206,3492063;-101,08829498291;-105,219596862793;;93649206,3492063;-94,5715484619141;-98,0481491088867;;
93650793,6507937;-106,099624633789;-114,402717590332;;93650793,6507937;-98,3711471557617;-107,403625488281;;
93652380,952381;-102,713493347168;-107,705230712891;;93652380,952381;-97,8540878295898;-103,666931152344;;
93653968,2539683;-103,500610351563;-111,196090698242;;93653968,2539683;-97,5147323608398;-110,605346679688;;
93655555,5555556;-98,5456390380859;-106,451103210449;;93655555,5555556;-97,9990921020508;-109,751342773438;;
93657142,8571429;-98,3737487792969;-113,336524963379;;93657142,8571429;-96,9917449951172;-103,920539855957;;
93658730,1587302;-103,180587768555;-111,011978149414;;93658730,1587302;-97,5330352783203;-109,040542602539;;
93660317,4603175;-98,6487350463867;-102,645347595215;;93660317,4603175;-97,7627792358398;-112,94490814209;;
93661904,7619048;-101,965202331543;-105,484550476074;;93661904,7619048;-94,5535507202148;-106,356422424316;;
93663492,0634921;-100,513298034668;-109,516426086426;;93663492,0634921;-101,919715881348;-109,404090881348;;
93665079,3650794;-101,156806945801;-113,11213684082;;93665079,3650794;-96,7203140258789;-102,927940368652;;
93666666,6666667;-101,575126647949;-104,677825927734;;93666666,6666667;-100,039276123047;-109,284088134766;;
93668253,968254;-100,574150085449;-105,830726623535;;93668253,968254;-100,013847351074;-108,174224853516;;
93669841,2698413;-101,288970947266;-107,811134338379;;93669841,2698413;-100,043968200684;-108,412475585938;;
93671428,5714286;-102,176094055176;-110,117866516113;;93671428,5714286;-100,979690551758;-109,375335693359;;
93673015,8730159;-102,281196594238;-110,666961669922;;93673015,8730159;-100,872543334961;-105,437088012695;;
93674603,1746032;-100,624290466309;-111,125617980957;;93674603,1746032;-100,870658874512;-104,882499694824;;
93676190,4761905;-99,5215225219727;-108,891479492188;;93676190,4761905;-97,4387435913086;-100,81665802002;;
93677777,7777778;-95,3637237548828;-99,3508148193359;;93677777,7777778;-101,557792663574;-113,712623596191;;
93679365,0793651;-99,8038558959961;-113,011268615723;;93679365,0793651;-100,3876953125;-110,315467834473;;
93680952,3809524;-100,894325256348;-107,79859161377;;93680952,3809524;-97,0931091308594;-107,251304626465;;
93682539,6825397;-104,471160888672;-115,862442016602;;93682539,6825397;-97,3469848632813;-100,007736206055;;
93684126,984127;-104,903266906738;-116,401313781738;;93684126,984127;-98,4341201782227;-105,458885192871;;
93685714,2857143;-102,501579284668;-114,52823638916;;93685714,2857143;-97,2334365844727;-110,617630004883;;
93687301,5873016;-102,645812988281;-106,92081451416;;93687301,5873016;-97,5322265625;-100,142799377441;;
93688888,8888889;-99,8588714599609;-110,888473510742;;93688888,8888889;-98,0253601074219;-112,82088470459;;
93690476,1904762;-110,401741027832;-121,62427520752;;93690476,1904762;-100,432022094727;-109,164428710938;;
93692063,4920635;-97,6560668945313;-112,685195922852;;93692063,4920635;-99,5946807861328;-105,11661529541;;
93693650,7936508;-99,951904296875;-105,453712463379;;93693650,7936508;-99,7222671508789;-108,575408935547;;
93695238,0952381;-100,532211303711;-115,392517089844;;93695238,0952381;-100,13298034668;-106,787094116211;;
93696825,3968254;-97,288948059082;-102,109390258789;;93696825,3968254;-105,997680664063;-107,844116210938;;
93698412,6984127;-96,9952163696289;-104,532417297363;;93698412,6984127;-103,933029174805;-106,729393005371;;
93700000;-99,3935623168945;-111,380790710449;;93700000;-104,429527282715;-117,848320007324;;
93701587,3015873;-100,179176330566;-111,507781982422;;93701587,3015873;-104,537796020508;-108,070487976074;;
93703174,6031746;-101,391792297363;-107,902854919434;;93703174,6031746;-103,497055053711;-113,648994445801;;
93704761,9047619;-99,3963241577148;-101,174629211426;;93704761,9047619;-102,644844055176;-106,359558105469;;
93706349,2063492;-100,495697021484;-111,304328918457;;93706349,2063492;-99,5007400512695;-110,086402893066;;
93707936,5079365;-102,048065185547;-110,087142944336;;93707936,5079365;-102,269897460938;-108,247619628906;;
93709523,8095238;-101,667579650879;-111,383087158203;;93709523,8095238;-104,072196960449;-112,44115447998;;
93711111,1111111;-99,6557464599609;-112,855995178223;;93711111,1111111;-101,319450378418;-108,381340026855;;
93712698,4126984;-98,3232040405273;-105,329650878906;;93712698,4126984;-96,6416091918945;-111,481925964355;;
93714285,7142857;-97,3693771362305;-105,679458618164;;93714285,7142857;-102,8515625;-107,148834228516;;
93715873,015873;-96,5300521850586;-101,734298706055;;93715873,015873;-99,3086166381836;-111,15518951416;;
93717460,3174603;-97,7672576904297;-100,155349731445;;93717460,3174603;-98,1839904785156;-103,148132324219;;
93719047,6190476;-96,8082962036133;-99,7505950927734;;93719047,6190476;-100,929656982422;-105,734085083008;;
93720634,9206349;-96,6535949707031;-102,299270629883;;93720634,9206349;-101,532348632813;-116,083450317383;;
93722222,2222222;-99,1291809082031;-103,80729675293;;93722222,2222222;-100,652366638184;-108,815979003906;;
93723809,5238095;-103,789474487305;-109,428276062012;;93723809,5238095;-105,392784118652;-112,666458129883;;
93725396,8253968;-95,5573883056641;-103,745918273926;;93725396,8253968;-103,386856079102;-109,171646118164;;
93726984,1269841;-98,6459426879883;-106,479026794434;;93726984,1269841;-101,085235595703;-103,089660644531;;
93728571,4285714;-96,3693695068359;-98,7711791992188;;93728571,4285714;-103,322425842285;-118,207061767578;;
93730158,7301587;-99,1774291992188;-107,480003356934;;93730158,7301587;-100,573883056641;-107,985244750977;;
93731746,031746;-101,68824005127;-106,097526550293;;93731746,031746;-108,672546386719;-116,254234313965;;
93733333,3333333;-97,1851272583008;-103,125503540039;;93733333,3333333;-109,551239013672;-115,297714233398;;
93734920,6349206;-92,7732925415039;-104,26146697998;;93734920,6349206;-98,6792526245117;-115,787673950195;;
93736507,9365079;-93,5172119140625;-100,006706237793;;93736507,9365079;-98,5930099487305;-111,752464294434;;
93738095,2380952;-98,2658462524414;-108,549667358398;;93738095,2380952;-99,1339263916016;-108,357627868652;;
93739682,5396825;-104,071586608887;-108,773071289063;;93739682,5396825;-94,3806610107422;-103,276229858398;;
93741269,8412698;-93,2176971435547;-105,526107788086;;93741269,8412698;-94,8069610595703;-100,683212280273;;
93742857,1428571;-93,2484283447266;-102,085968017578;;93742857,1428571;-101,419929504395;-104,181274414063;;
93744444,4444444;-92,2879104614258;-107,110527038574;;93744444,4444444;-97,0267639160156;-110,496170043945;;
93746031,7460317;-94,7089233398438;-100,696426391602;;93746031,7460317;-96,7224960327148;-107,623023986816;;
93747619,047619;-98,9801864624023;-108,151947021484;;93747619,047619;-100,442100524902;-111,799629211426;;
93749206,3492063;-91,5673980712891;-98,4083786010742;;93749206,3492063;-99,2365188598633;-109,220260620117;;
93750793,6507937;-95,0033493041992;-109,583686828613;;93750793,6507937;-95,2989196777344;-99,3653259277344;;
93752380,952381;-94,5613555908203;-102,167861938477;;93752380,952381;-95,3187789916992;-99,8097305297852;;
93753968,2539683;-94,273063659668;-96,3553771972656;;93753968,2539683;-93,8219833374023;-99,2434616088867;;
93755555,5555556;-95,0473480224609;-103,557746887207;;93755555,5555556;-91,5880432128906;-99,7099227905273;;
93757142,8571429;-94,5472717285156;-100,971366882324;;93757142,8571429;-91,8980178833008;-100,515403747559;;
93758730,1587302;-89,72802734375;-98,0484390258789;;93758730,1587302;-91,7468109130859;-93,6212997436523;;
93760317,4603175;-89,5309371948242;-90,7156677246094;;93760317,4603175;-93,8283309936523;-100,654258728027;;
93761904,7619048;-89,4135894775391;-106,050498962402;;93761904,7619048;-92,8911590576172;-97,8433532714844;;
93763492,0634921;-92,693359375;-97,8987655639648;;93763492,0634921;-91,6079177856445;-97,8177719116211;;
93765079,3650794;-91,6097106933594;-102,250595092773;;93765079,3650794;-94,6835556030273;-105,548294067383;;
93766666,6666667;-88,8564529418945;-91,4786071777344;;93766666,6666667;-92,7318801879883;-106,771965026855;;
93768253,968254;-91,4200286865234;-103,845695495605;;93768253,968254;-95,2243347167969;-100,785354614258;;
93769841,2698413;-91,3052825927734;-96,4088745117188;;93769841,2698413;-92,6300964355469;-106,470497131348;;
93771428,5714286;-96,9358901977539;-105,514656066895;;93771428,5714286;-89,7100677490234;-99,7987899780273;;
93773015,8730159;-96,7797241210938;-101,163269042969;;93773015,8730159;-94,8240127563477;-101,247627258301;;
93774603,1746032;-92,3987503051758;-99,3679962158203;;93774603,1746032;-98,3098907470703;-109,40259552002;;
93776190,4761905;-90,1978454589844;-99,2837448120117;;93776190,4761905;-95,4084777832031;-100,664489746094;;
93777777,7777778;-92,1099700927734;-106,189514160156;;93777777,7777778;-92,6802597045898;-96,3037719726563;;
93779365,0793651;-90,1584396362305;-107,748085021973;;93779365,0793651;-96,3897857666016;-100,663299560547;;
93780952,3809524;-85,6173400878906;-89,5330200195313;;93780952,3809524;-96,5302581787109;-99,9846267700195;;
93782539,6825397;-87,7402496337891;-98,1024322509766;;93782539,6825397;-92,7401580810547;-101,595558166504;;
93784126,984127;-97,2052001953125;-103,123069763184;;93784126,984127;-92,1813278198242;-98,9441757202148;;
93785714,2857143;-92,2261810302734;-102,095497131348;;93785714,2857143;-95,3055648803711;-99,9353485107422;;
93787301,5873016;-82,2709655761719;-96,4145126342773;;93787301,5873016;-89,6477432250977;-98,5816192626953;;
93788888,8888889;-82,4658584594727;-96,6125106811523;;93788888,8888889;-89,7262573242188;-94,5013580322266;;
93790476,1904762;-96,9996490478516;-100,084701538086;;93790476,1904762;-89,8771591186523;-103,13117980957;;
93792063,4920635;-98,1523208618164;-104,865676879883;;93792063,4920635;-92,4743270874023;-104,117034912109;;
93793650,7936508;-93,2997970581055;-105,06681060791;;93793650,7936508;-90,7177886962891;-99,5393524169922;;
93795238,0952381;-92,557243347168;-97,3469390869141;;93795238,0952381;-88,4599456787109;-96,5266265869141;;
93796825,3968254;-93,2292327880859;-97,0871200561523;;93796825,3968254;-88,6325149536133;-96,6921844482422;;
93798412,6984127;-94,9915237426758;-105,914558410645;;93798412,6984127;-88,7098846435547;-97,0864562988281;;
93800000;-98,9728927612305;-106,194595336914;;93800000;-91,3964462280273;-97,2736587524414;;
93801587,3015873;-100,386352539063;-108,33748626709;;93801587,3015873;-90,8533248901367;-102,188766479492;;
93803174,6031746;-96,5423889160156;-106,703117370605;;93803174,6031746;-93,6831665039063;-103,322853088379;;
93804761,9047619;-95,9755096435547;-101,11124420166;;93804761,9047619;-93,9013977050781;-100,849342346191;;
93806349,2063492;-93,6148986816406;-99,1374053955078;;93806349,2063492;-88,9796295166016;-96,8522338867188;;
93807936,5079365;-78,3190231323242;-93,079460144043;;93807936,5079365;-96,2109451293945;-108,769844055176;;
93809523,8095238;-77,672492980957;-100,556259155273;;93809523,8095238;-92,5815200805664;-95,6699752807617;;
93811111,1111111;-88,6041793823242;-99,0265045166016;;93811111,1111111;-93,7378387451172;-102,816459655762;;
93812698,4126984;-81,4153747558594;-94,4123382568359;;93812698,4126984;-85,8415298461914;-97,1850128173828;;
93814285,7142857;-85,4711608886719;-93,7207183837891;;93814285,7142857;-81,9086380004883;-88,1702499389648;;
93815873,015873;-94,6345748901367;-101,387634277344;;93815873,015873;-81,7858810424805;-86,324104309082;;
93817460,3174603;-99,1271743774414;-109,703758239746;;93817460,3174603;-81,4857940673828;-85,6294403076172;;
93819047,6190476;-79,9666366577148;-98,538688659668;;93819047,6190476;-85,9480895996094;-92,0918731689453;;
93820634,9206349;-80,0470199584961;-103,510375976563;;93820634,9206349;-81,6802749633789;-90,4540023803711;;
93822222,2222222;-79,3411331176758;-104,506423950195;;93822222,2222222;-84,8222732543945;-88,1302719116211;;
93823809,5238095;-81,8171081542969;-99,2400894165039;;93823809,5238095;-83,9900512695313;-95,3190002441406;;
93825396,8253968;-75,3264999389648;-101,473426818848;;93825396,8253968;-84,7698059082031;-94,4531097412109;;
93826984,1269841;-71,9973983764648;-83,5904159545898;;93826984,1269841;-84,9663009643555;-93,616943359375;;
93828571,4285714;-84,7558975219727;-94,2886657714844;;93828571,4285714;-82,7554321289063;-94,4327850341797;;
93830158,7301587;-75,2471771240234;-90,7513885498047;;93830158,7301587;-82,7621154785156;-91,1815490722656;;
93831746,031746;-77,719596862793;-89,2875366210938;;93831746,031746;-78,6073989868164;-89,3722839355469;;
93833333,3333333;-90,1738662719727;-100,118110656738;;93833333,3333333;-74,6095886230469;-87,1338958740234;;
93834920,6349206;-77,9542007446289;-99,4023284912109;;93834920,6349206;-71,8607788085938;-78,1758804321289;;
93836507,9365079;-73,0438919067383;-77,4588623046875;;93836507,9365079;-78,7979583740234;-85,8125839233398;;
93838095,2380952;-73,4091491699219;-106,512580871582;;93838095,2380952;-78,5796356201172;-85,4425201416016;;
93839682,5396825;-91,8997421264648;-102,6328125;;93839682,5396825;-77,4707107543945;-89,154541015625;;
93841269,8412698;-69,1339645385742;-90,5220336914063;;93841269,8412698;-78,8674697875977;-87,3717956542969;;
93842857,1428571;-68,7813491821289;-77,0676879882813;;93842857,1428571;-80,8322067260742;-92,7607192993164;;
93844444,4444444;-77,6505355834961;-93,8466491699219;;93844444,4444444;-69,0811462402344;-91,0729522705078;;
93846031,7460317;-69,4348983764648;-90,1310348510742;;93846031,7460317;-68,3574523925781;-79,449951171875;;
93847619,047619;-66,4746398925781;-73,5703048706055;;93847619,047619;-68,3565063476563;-79,1727676391602;;
93849206,3492063;-73,9216613769531;-86,4566650390625;;93849206,3492063;-68,9131011962891;-75,4783248901367;;
93850793,6507937;-85,852912902832;-88,659065246582;;93850793,6507937;-67,8819046020508;-71,483283996582;;
93852380,952381;-77,1621856689453;-85,063606262207;;93852380,952381;-71,2701034545898;-78,9217224121094;;
93853968,2539683;-79,1216278076172;-88,8394165039063;;93853968,2539683;-71,2934799194336;-87,8957061767578;;
93855555,5555556;-83,5509033203125;-92,7884292602539;;93855555,5555556;-64,1070938110352;-88,501106262207;;
93857142,8571429;-70,5768356323242;-96,1582107543945;;93857142,8571429;-63,628116607666;-65,9985809326172;;
93858730,1587302;-65,5013809204102;-70,0309524536133;;93858730,1587302;-64,8044509887695;-66,4762802124023;;
93860317,4603175;-68,3287887573242;-89,174201965332;;93860317,4603175;-62,6157379150391;-67,3549728393555;;
93861904,7619048;-76,1558227539063;-95,4792022705078;;93861904,7619048;-62,1908226013184;-64,9326629638672;;
93863492,0634921;-73,4838180541992;-86,1298980712891;;93863492,0634921;-62,1472015380859;-65,2683792114258;;
93865079,3650794;-71,5819778442383;-81,4808807373047;;93865079,3650794;-62,1533851623535;-66,6792907714844;;
93866666,6666667;-69,4251556396484;-76,0806350708008;;93866666,6666667;-65,3813323974609;-69,1474761962891;;
93868253,968254;-76,7119979858398;-94,0477905273438;;93868253,968254;-64,3899688720703;-74,4991760253906;;
93869841,2698413;-65,8363571166992;-82,6109390258789;;93869841,2698413;-61,9387817382813;-64,1358489990234;;
93871428,5714286;-65,2637710571289;-77,2323608398438;;93871428,5714286;-61,8008499145508;-64,4650726318359;;
93873015,8730159;-71,1310119628906;-83,8044815063477;;93873015,8730159;-61,5185890197754;-64,6553115844727;;
93874603,1746032;-64,6093597412109;-70,6542205810547;;93874603,1746032;-61,5221328735352;-62,6675872802734;;
93876190,4761905;-64,1168899536133;-64,5874328613281;;93876190,4761905;-62,8155632019043;-66,2672729492188;;
93877777,7777778;-64,3795394897461;-66,5895538330078;;93877777,7777778;-64,9580764770508;-77,5570297241211;;
93879365,0793651;-66,3274002075195;-86,0873107910156;;93879365,0793651;-68,1956176757813;-86,1365356445313;;
93880952,3809524;-80,6482849121094;-89,1523742675781;;93880952,3809524;-67,5096435546875;-71,5014801025391;;
93882539,6825397;-63,4775123596191;-79,5232696533203;;93882539,6825397;-61,6121368408203;-68,6261978149414;;
93884126,984127;-63,2630310058594;-66,9631042480469;;93884126,984127;-61,6134910583496;-62,2259941101074;;
93885714,2857143;-67,4329147338867;-80,0245056152344;;93885714,2857143;-61,4294738769531;-61,8215942382813;;
93887301,5873016;-66,0031280517578;-71,3706130981445;;93887301,5873016;-61,790225982666;-64,4139022827148;;
93888888,8888889;-70,3237380981445;-86,2992095947266;;93888888,8888889;-61,7875213623047;-64,4780578613281;;
93890476,1904762;-68,4686660766602;-79,0466690063477;;93890476,1904762;-61,0832099914551;-61,8326072692871;;
93892063,4920635;-71,8023452758789;-93,2615966796875;;93892063,4920635;-61,5263900756836;-63,8021469116211;;
93893650,7936508;-68,4579544067383;-80,9474029541016;;93893650,7936508;-61,2455444335938;-62,5575714111328;;
93895238,0952381;-65,630973815918;-80,8025131225586;;93895238,0952381;-62,4697456359863;-64,9868698120117;;
93896825,3968254;-65,6649703979492;-70,4841232299805;;93896825,3968254;-61,7536697387695;-63,5098114013672;;
93898412,6984127;-64,7758560180664;-70,589729309082;;93898412,6984127;-63,399829864502;-65,459114074707;;
93900000;-64,223274230957;-74,4879608154297;;93900000;-63,9172782897949;-78,9033966064453;;
93901587,3015873;-65,1737365722656;-73,1341934204102;;93901587,3015873;-68,1675872802734;-83,4884948730469;;
93903174,6031746;-66,9478225708008;-81,7282485961914;;93903174,6031746;-67,8412704467773;-79,0222854614258;;
93904761,9047619;-64,8125610351563;-80,9096298217773;;93904761,9047619;-61,7407264709473;-67,6404266357422;;
93906349,2063492;-64,9463348388672;-65,6368408203125;;93906349,2063492;-61,6993103027344;-62,8961944580078;;
93907936,5079365;-65,1240615844727;-81,7038726806641;;93907936,5079365;-61,389461517334;-62,5147895812988;;
93909523,8095238;-65,6414947509766;-88,3398208618164;;93909523,8095238;-62,5603485107422;-67,2709426879883;;
93911111,1111111;-65,5193557739258;-79,2804565429688;;93911111,1111111;-60,7888984680176;-62,354434967041;;
93912698,4126984;-68,155647277832;-79,2758102416992;;93912698,4126984;-61,7997665405273;-62,1575469970703;;
93914285,7142857;-67,9011535644531;-74,001091003418;;93914285,7142857;-61,01318359375;-62,2994232177734;;
93915873,015873;-68,9677886962891;-84,1000823974609;;93915873,015873;-60,6385231018066;-62,7734489440918;;
93917460,3174603;-62,7479286193848;-68,3062210083008;;93917460,3174603;-60,5743637084961;-62,7162017822266;;
93919047,6190476;-61,8667831420898;-64,1429138183594;;93919047,6190476;-62,9476356506348;-68,5350723266602;;
93920634,9206349;-61,999698638916;-66,5450897216797;;93920634,9206349;-65,0856399536133;-66,7318420410156;;
93922222,2222222;-67,1535415649414;-81,4903793334961;;93922222,2222222;-62,193790435791;-65,8578720092773;;
93923809,5238095;-69,5366973876953;-79,2947082519531;;93923809,5238095;-62,2209701538086;-67,2805786132813;;
93925396,8253968;-63,2013397216797;-69,3969955444336;;93925396,8253968;-60,778621673584;-64,9367141723633;;
93926984,1269841;-62,3940658569336;-64,5692596435547;;93926984,1269841;-61,4572639465332;-65,6575775146484;;
93928571,4285714;-64,9193344116211;-81,9628982543945;;93928571,4285714;-61,8804321289063;-68,1138305664063;;
93930158,7301587;-62,7709808349609;-76,2605133056641;;93930158,7301587;-68,8574829101563;-79,708251953125;;
93931746,031746;-62,8245277404785;-77,793342590332;;93931746,031746;-72,8920135498047;-77,5893936157227;;
93933333,3333333;-70,3911437988281;-86,0400466918945;;93933333,3333333;-68,0712356567383;-76,3142547607422;;
93934920,6349206;-61,8964157104492;-69,5885162353516;;93934920,6349206;-66,1026306152344;-76,1963882446289;;
93936507,9365079;-63,1964569091797;-86,1129837036133;;93936507,9365079;-62,0225791931152;-66,2835693359375;;
93938095,2380952;-78,843620300293;-88,1143569946289;;93938095,2380952;-66,6773834228516;-73,8217010498047;;
93939682,5396825;-64,4876861572266;-81,1797332763672;;93939682,5396825;-64,44189453125;-66,4345779418945;;
93941269,8412698;-64,0356597900391;-83,3533248901367;;93941269,8412698;-61,9188117980957;-64,7014694213867;;
93942857,1428571;-73,4200668334961;-86,7018051147461;;93942857,1428571;-63,0005950927734;-85,3549728393555;;
93944444,4444444;-67,213020324707;-73,3168563842773;;93944444,4444444;-69,7110443115234;-77,6359024047852;;
93946031,7460317;-73,8457565307617;-99,9660339355469;;93946031,7460317;-73,7397003173828;-84,6319427490234;;
93947619,047619;-77,3918304443359;-97,6935501098633;;93947619,047619;-78,2756958007813;-89,2895202636719;;
93949206,3492063;-76,2794418334961;-81,4123306274414;;93949206,3492063;-74,0697555541992;-81,8439483642578;;
93950793,6507937;-80,4020080566406;-91,0676574707031;;93950793,6507937;-73,3760833740234;-82,5029754638672;;
93952380,952381;-78,7850952148438;-100,536651611328;;93952380,952381;-72,0904922485352;-86,4963760375977;;
93953968,2539683;-71,0191268920898;-78,0918807983398;;93953968,2539683;-73,2887115478516;-90,0808944702148;;
93955555,5555556;-73,4354400634766;-94,7698059082031;;93955555,5555556;-87,7670288085938;-92,7002487182617;;
93957142,8571429;-77,9435806274414;-94,4674224853516;;93957142,8571429;-80,2539520263672;-92,2407913208008;;
93958730,1587302;-72,9221572875977;-77,5495986938477;;93958730,1587302;-79,7346725463867;-89,3717727661133;;
93960317,4603175;-73,2881011962891;-86,6836624145508;;93960317,4603175;-79,6522598266602;-82,102180480957;;
93961904,7619048;-86,8242034912109;-92,9316635131836;;93961904,7619048;-77,8992919921875;-82,3906097412109;;
93963492,0634921;-80,298957824707;-92,7596969604492;;93963492,0634921;-76,8626174926758;-87,8166656494141;;
93965079,3650794;-71,632194519043;-79,7016525268555;;93965079,3650794;-69,7797317504883;-81,5700912475586;;
93966666,6666667;-73,7404174804688;-96,7866592407227;;93966666,6666667;-68,1852874755859;-80,7267990112305;;
93968253,968254;-97,1090774536133;-108,896522521973;;93968253,968254;-74,014289855957;-80,3185348510742;;
93969841,2698413;-76,9129333496094;-98,1228332519531;;93969841,2698413;-75,2620544433594;-83,1273040771484;;
93971428,5714286;-76,321418762207;-86,3709716796875;;93971428,5714286;-76,1272735595703;-88,6430206298828;;
93973015,8730159;-86,4704666137695;-96,1550445556641;;93973015,8730159;-85,0795135498047;-88,5502548217773;;
93974603,1746032;-88,3349075317383;-95,8552856445313;;93974603,1746032;-80,2609024047852;-88,70947265625;;
93976190,4761905;-81,7072982788086;-89,956672668457;;93976190,4761905;-73,499267578125;-88,5595779418945;;
93977777,7777778;-82,4663696289063;-94,859977722168;;93977777,7777778;-73,4375;-87,2589950561523;;
93979365,0793651;-88,2412872314453;-92,6534423828125;;93979365,0793651;-76,1766204833984;-83,604377746582;;
93980952,3809524;-84,4225082397461;-87,9347305297852;;93980952,3809524;-77,8483123779297;-80,2225799560547;;
93982539,6825397;-87,3147125244141;-95,2504272460938;;93982539,6825397;-79,1470336914063;-82,713508605957;;
93984126,984127;-93,5250396728516;-102,963729858398;;93984126,984127;-79,1479034423828;-81,6459503173828;;
93985714,2857143;-67,2634353637695;-99,4443054199219;;93985714,2857143;-80,2245559692383;-87,7723388671875;;
93987301,5873016;-66,2679138183594;-96,417594909668;;93987301,5873016;-80,5877532958984;-88,8872604370117;;
93988888,8888889;-95,5640029907227;-105,464218139648;;93988888,8888889;-80,2835388183594;-84,4451522827148;;
93990476,1904762;-91,4088439941406;-100,044044494629;;93990476,1904762;-81,8838348388672;-85,7220306396484;;
93992063,4920635;-72,0378189086914;-90,3263397216797;;93992063,4920635;-85,605583190918;-89,2641067504883;;
93993650,7936508;-72,2443466186523;-82,2494125366211;;93993650,7936508;-84,1255416870117;-90,5009460449219;;
93995238,0952381;-82,4357757568359;-97,6476516723633;;93995238,0952381;-84,8947219848633;-92,1812362670898;;
93996825,3968254;-81,3914642333984;-96,9523544311523;;93996825,3968254;-84,4738159179688;-93,025993347168;;
93998412,6984127;-84,8317337036133;-92,9159545898438;;93998412,6984127;-91,3141708374023;-96,6269607543945;;
94000000;-79,376350402832;-99,8054428100586;;94000000;-88,8695297241211;-96,1692733764648;;
94001587,3015873;-77,8964157104492;-95,4522094726563;;94001587,3015873;-88,9338302612305;-91,9441070556641;;
94003174,6031746;-87,1991424560547;-94,1892318725586;;94003174,6031746;-80,4576568603516;-88,7873458862305;;
94004761,9047619;-90,5101699829102;-104,51732635498;;94004761,9047619;-80,7823257446289;-85,7589111328125;;
94006349,2063492;-89,7854843139648;-96,6585235595703;;94006349,2063492;-80,1246109008789;-83,1104278564453;;
94007936,5079365;-90,4137268066406;-102,429061889648;;94007936,5079365;-81,9465637207031;-97,2004852294922;;
94009523,8095238;-87,3907089233398;-98,1439743041992;;94009523,8095238;-84,4879455566406;-94,9953155517578;;
94011111,1111111;-93,2318801879883;-104,75218963623;;94011111,1111111;-85,4905471801758;-94,9121398925781;;
94012698,4126984;-91,5523147583008;-103,650314331055;;94012698,4126984;-85,1492080688477;-91,8956146240234;;
94014285,7142857;-90,1714172363281;-94,2006530761719;;94014285,7142857;-87,2870635986328;-91,7923736572266;;
94015873,015873;-93,3794174194336;-97,0596389770508;;94015873,015873;-89,8799667358398;-111,193748474121;;
94017460,3174603;-80,0829620361328;-93,0804824829102;;94017460,3174603;-95,1775207519531;-110,045852661133;;
94019047,6190476;-74,8967208862305;-79,5768966674805;;94019047,6190476;-96,6889266967773;-97,7658386230469;;
94020634,9206349;-78,6339721679688;-96,1818237304688;;94020634,9206349;-97,0713577270508;-104,304473876953;;
94022222,2222222;-94,9766311645508;-96,8503341674805;;94022222,2222222;-103,464691162109;-110,302490234375;;
94023809,5238095;-85,9058227539063;-96,4029769897461;;94023809,5238095;-94,0225982666016;-104,529747009277;;
94025396,8253968;-82,3666687011719;-89,6489028930664;;94025396,8253968;-98,8321685791016;-101,626815795898;;
94026984,1269841;-89,849739074707;-104,024200439453;;94026984,1269841;-93,8727111816406;-106,609573364258;;
94028571,4285714;-81,1522369384766;-100,167175292969;;94028571,4285714;-91,8538055419922;-96,6733474731445;;
94030158,7301587;-80,5647964477539;-103,447776794434;;94030158,7301587;-93,3441162109375;-97,2671127319336;;
94031746,031746;-94,8452911376953;-103,440956115723;;94031746,031746;-90,6985473632813;-97,734016418457;;
94033333,3333333;-94,3395233154297;-101,487266540527;;94033333,3333333;-92,105339050293;-107,065498352051;;
94034920,6349206;-85,2378692626953;-94,5339279174805;;94034920,6349206;-89,9790573120117;-105,57592010498;;
94036507,9365079;-88,7923126220703;-105,34056854248;;94036507,9365079;-91,4529647827148;-113,468070983887;;
94038095,2380952;-92,6817016601563;-99,6619338989258;;94038095,2380952;-100,762901306152;-112,610137939453;;
94039682,5396825;-91,9013900756836;-99,114860534668;;94039682,5396825;-93,618408203125;-101,762275695801;;
94041269,8412698;-91,0840682983398;-101,99055480957;;94041269,8412698;-94,7240600585938;-109,443016052246;;
94042857,1428571;-86,8661651611328;-91,7570190429688;;94042857,1428571;-93,7651596069336;-104,834381103516;;
94044444,4444444;-92,350227355957;-102,638687133789;;94044444,4444444;-92,1315994262695;-96,7609329223633;;
94046031,7460317;-95,7945098876953;-105,375961303711;;94046031,7460317;-97,4425506591797;-110,149536132813;;
94047619,047619;-96,4714431762695;-108,353790283203;;94047619,047619;-94,5266799926758;-105,620056152344;;
94049206,3492063;-98,0834426879883;-112,096527099609;;94049206,3492063;-96,6989059448242;-101,342742919922;;
94050793,6507937;-94,5535659790039;-111,481346130371;;94050793,6507937;-94,5448684692383;-100,835800170898;;
94052380,952381;-91,6199340820313;-98,8572158813477;;94052380,952381;-99,5586013793945;-118,779350280762;;
94053968,2539683;-91,5169296264648;-113,606887817383;;94053968,2539683;-98,784912109375;-106,590324401855;;
94055555,5555556;-92,8514022827148;-114,042419433594;;94055555,5555556;-96,5257186889648;-99,8977584838867;;
94057142,8571429;-88,2351837158203;-103,666877746582;;94057142,8571429;-97,5568542480469;-101,124320983887;;
94058730,1587302;-95,5424118041992;-101,082290649414;;94058730,1587302;-94,9409332275391;-99,51171875;;
94060317,4603175;-91,4474334716797;-99,2436447143555;;94060317,4603175;-93,5515365600586;-95,5781402587891;;
94061904,7619048;-94,5660858154297;-100,331382751465;;94061904,7619048;-95,8731460571289;-108,74422454834;;
94063492,0634921;-92,9354400634766;-96,082878112793;;94063492,0634921;-94,2246322631836;-108,719047546387;;
94065079,3650794;-93,3424301147461;-99,6121139526367;;94065079,3650794;-94,0293807983398;-110,573417663574;;
94066666,6666667;-88,9245223999023;-98,7730178833008;;94066666,6666667;-96,8467025756836;-103,674957275391;;
94068253,968254;-89,1344757080078;-96,3343200683594;;94068253,968254;-96,8897476196289;-104,027839660645;;
94069841,2698413;-96,4975662231445;-101,141410827637;;94069841,2698413;-100,026550292969;-108,625335693359;;
94071428,5714286;-94,1154556274414;-103,217666625977;;94071428,5714286;-100,50675201416;-110,53662109375;;
94073015,8730159;-94,6642303466797;-109,99095916748;;94073015,8730159;-98,8972320556641;-103,383499145508;;
94074603,1746032;-96,0424194335938;-102,284362792969;;94074603,1746032;-95,4915008544922;-107,115730285645;;
94076190,4761905;-95,9094009399414;-103,440010070801;;94076190,4761905;-95,3486251831055;-99,6670608520508;;
94077777,7777778;-96,8557052612305;-106,644500732422;;94077777,7777778;-99,0045852661133;-108,50959777832;;
94079365,0793651;-94,839111328125;-106,649482727051;;94079365,0793651;-101,10765838623;-109,705642700195;;
94080952,3809524;-94,9036254882813;-111,854751586914;;94080952,3809524;-100,226760864258;-118,105964660645;;
94082539,6825397;-102,244873046875;-111,237007141113;;94082539,6825397;-98,5607833862305;-108,74299621582;;
94084126,984127;-105,000854492188;-111,979690551758;;94084126,984127;-100,607147216797;-103,262855529785;;
94085714,2857143;-98,8572845458984;-104,175743103027;;94085714,2857143;-99,3454132080078;-107,271575927734;;
94087301,5873016;-98,2318267822266;-111,037818908691;;94087301,5873016;-97,5761032104492;-100,76123046875;;
94088888,8888889;-100,639495849609;-110,907485961914;;94088888,8888889;-96,2325897216797;-102,174453735352;;
94090476,1904762;-105,980155944824;-117,502418518066;;94090476,1904762;-99,8795623779297;-111,295967102051;;
94092063,4920635;-100,945610046387;-106,461044311523;;94092063,4920635;-97,5544128417969;-99,7795639038086;;
94093650,7936508;-94,5715637207031;-106,991996765137;;94093650,7936508;-96,3777084350586;-98,7565689086914;;
94095238,0952381;-99,4030532836914;-103,78963470459;;94095238,0952381;-97,7707138061523;-103,481414794922;;
94096825,3968254;-97,3355941772461;-108,194869995117;;94096825,3968254;-98,6944046020508;-108,681968688965;;
94098412,6984127;-99,2427215576172;-105,6396484375;;94098412,6984127;-98,2638854980469;-102,880630493164;;
94100000;-98,3698959350586;-101,244361877441;;94100000;-103,61328125;-114,303802490234;;
94101587,3015873;-92,4521102905273;-99,7281036376953;;94101587,3015873;-102,639175415039;-111,402557373047;;
94103174,6031746;-96,0410766601563;-110,240615844727;;94103174,6031746;-94,7575378417969;-102,446899414063;;
94104761,9047619;-95,1553421020508;-99,5962905883789;;94104761,9047619;-96,4281921386719;-108,939498901367;;
94106349,2063492;-97,6013565063477;-98,8223495483398;;94106349,2063492;-95,9933853149414;-106,871376037598;;
94107936,5079365;-96,6074829101563;-98,1182403564453;;94107936,5079365;-97,1567916870117;-101,462295532227;;
94109523,8095238;-93,1556549072266;-100,067543029785;;94109523,8095238;-96,7453918457031;-98,6951293945313;;
94111111,1111111;-92,0836944580078;-93,0178985595703;;94111111,1111111;-97,1672515869141;-101,325675964355;;
94112698,4126984;-92,8372192382813;-97,580940246582;;94112698,4126984;-98,205322265625;-103,64762878418;;
94114285,7142857;-93,3347015380859;-98,3644180297852;;94114285,7142857;-95,7321853637695;-101,908798217773;;
94115873,015873;-92,3859100341797;-95,0813064575195;;94115873,015873;-94,1826400756836;-96,1909408569336;;
94117460,3174603;-95,1081848144531;-98,940544128418;;94117460,3174603;-93,9932556152344;-99,372184753418;;
94119047,6190476;-95,9281463623047;-99,1825637817383;;94119047,6190476;-93,6538467407227;-99,6522750854492;;
94120634,9206349;-95,0568923950195;-97,0294494628906;;94120634,9206349;-94,3189239501953;-97,4240951538086;;
94122222,2222222;-94,9932250976563;-105,257232666016;;94122222,2222222;-94,0017166137695;-100,818016052246;;
94123809,5238095;-99,1402816772461;-104,109580993652;;94123809,5238095;-96,2942962646484;-100,835784912109;;
94125396,8253968;-95,0569686889648;-101,038528442383;;94125396,8253968;-94,613166809082;-98,9459838867188;;
94126984,1269841;-95,0494995117188;-101,909111022949;;94126984,1269841;-95,7588882446289;-100,050674438477;;
94128571,4285714;-100,512748718262;-102,691017150879;;94128571,4285714;-94,3566131591797;-95,8926010131836;;
94130158,7301587;-102,293571472168;-109,074310302734;;94130158,7301587;-95,1741714477539;-104,546142578125;;
94131746,031746;-105,075744628906;-113,146293640137;;94131746,031746;-98,2970809936523;-106,848960876465;;
94133333,3333333;-99,9766998291016;-112,356796264648;;94133333,3333333;-95,486686706543;-98,5562896728516;;
94134920,6349206;-92,7681503295898;-100,90406036377;;94134920,6349206;-98,2263565063477;-101,739234924316;;
94136507,9365079;-96,2280960083008;-105,151573181152;;94136507,9365079;-101,651000976563;-109,994934082031;;
94138095,2380952;-98,3643569946289;-113,786682128906;;94138095,2380952;-102,181953430176;-111,690505981445;;
94139682,5396825;-101,380378723145;-110,959045410156;;94139682,5396825;-100,135955810547;-104,104530334473;;
94141269,8412698;-102,715614318848;-106,279624938965;;94141269,8412698;-99,4962539672852;-105,986953735352;;
94142857,1428571;-98,6122665405273;-104,009727478027;;94142857,1428571;-99,829460144043;-114,717849731445;;
94144444,4444444;-100,935600280762;-104,414733886719;;94144444,4444444;-104,252838134766;-106,412826538086;;
94146031,7460317;-99,851448059082;-104,34895324707;;94146031,7460317;-103,513313293457;-109,622650146484;;
94147619,047619;-99,3653182983398;-108,45858001709;;94147619,047619;-104,246315002441;-112,526329040527;;
94149206,3492063;-96,8373031616211;-108,634201049805;;94149206,3492063;-103,859535217285;-110,194046020508;;
94150793,6507937;-99,7356414794922;-109,296821594238;;94150793,6507937;-104,890701293945;-119,328453063965;;
94152380,952381;-103,587181091309;-114,791664123535;;94152380,952381;-99,0641403198242;-119,307182312012;;
94153968,2539683;-96,1138458251953;-104,753646850586;;94153968,2539683;-101,78190612793;-113,364791870117;;
94155555,5555556;-99,1267395019531;-105,043151855469;;94155555,5555556;-97,5381240844727;-106,237579345703;;
94157142,8571429;-92,4154510498047;-103,110527038574;;94157142,8571429;-96,7224655151367;-104,903968811035;;
94158730,1587302;-92,376106262207;-97,9869842529297;;94158730,1587302;-95,7097091674805;-97,8066558837891;;
94160317,4603175;-95,8602600097656;-102,661003112793;;94160317,4603175;-96,7482452392578;-107,842140197754;;
94161904,7619048;-96,899772644043;-110,377471923828;;94161904,7619048;-101,430549621582;-113,571296691895;;
94163492,0634921;-103,916465759277;-109,686866760254;;94163492,0634921;-97,6853561401367;-112,612289428711;;
94165079,3650794;-102,687728881836;-111,234230041504;;94165079,3650794;-93,1784591674805;-98,7498168945313;;
94166666,6666667;-101,725891113281;-111,272109985352;;94166666,6666667;-96,464485168457;-105,828155517578;;
94168253,968254;-98,9470291137695;-105,720588684082;;94168253,968254;-97,7719650268555;-108,352966308594;;
94169841,2698413;-98,9511413574219;-108,832862854004;;94169841,2698413;-95,4934844970703;-97,7599563598633;;
94171428,5714286;-96,633171081543;-109,750457763672;;94171428,5714286;-95,518928527832;-104,00855255127;;
94173015,8730159;-98,2771148681641;-110,687385559082;;94173015,8730159;-95,673454284668;-105,40160369873;;
94174603,1746032;-95,6244430541992;-112,629203796387;;94174603,1746032;-100,758316040039;-111,908508300781;;
94176190,4761905;-95,0080947875977;-112,853881835938;;94176190,4761905;-99,0186157226563;-108,572891235352;;
94177777,7777778;-92,9032363891602;-101,00121307373;;94177777,7777778;-93,8321304321289;-98,5824813842773;;
94179365,0793651;-100,495307922363;-106,749588012695;;94179365,0793651;-94,7840957641602;-101,723106384277;;
94180952,3809524;-95,9541168212891;-100,473411560059;;94180952,3809524;-98,2130661010742;-103,099945068359;;
94182539,6825397;-91,8382949829102;-96,0673217773438;;94182539,6825397;-99,6505966186523;-104,246910095215;;
94184126,984127;-94,8743591308594;-104,129119873047;;94184126,984127;-91,4490280151367;-103,422065734863;;
94185714,2857143;-99,9672698974609;-110,886940002441;;94185714,2857143;-90,9999389648438;-95,946907043457;;
94187301,5873016;-99,0190887451172;-108,433387756348;;94187301,5873016;-96,3002777099609;-105,965957641602;;
94188888,8888889;-97,5561218261719;-105,70760345459;;94188888,8888889;-99,2483215332031;-105,075424194336;;
94190476,1904762;-93,7454071044922;-100,899261474609;;94190476,1904762;-100,087196350098;-108,562324523926;;
94192063,4920635;-92,8007659912109;-98,2859420776367;;94192063,4920635;-91,0830764770508;-101,154899597168;;
94193650,7936508;-92,2412338256836;-96,9164657592773;;94193650,7936508;-94,8312606811523;-106,180534362793;;
94195238,0952381;-92,9612426757813;-102,209587097168;;94195238,0952381;-96,8545303344727;-109,41495513916;;
94196825,3968254;-94,7796325683594;-108,730461120605;;94196825,3968254;-93,7514953613281;-101,597831726074;;
94198412,6984127;-95,8038711547852;-108,139114379883;;94198412,6984127;-92,6419296264648;-95,2210998535156;;
94200000;-93,6590805053711;-102,69068145752;;94200000;-94,1314392089844;-106,633544921875;;
94201587,3015873;-93,7784729003906;-109,666473388672;;94201587,3015873;-93,9053802490234;-96,3469543457031;;
94203174,6031746;-93,9527740478516;-101,994781494141;;94203174,6031746;-95,7878341674805;-105,61612701416;;
94204761,9047619;-92,2877655029297;-103,714332580566;;94204761,9047619;-93,0985488891602;-111,616737365723;;
94206349,2063492;-96,4664840698242;-108,539245605469;;94206349,2063492;-96,6391525268555;-113,828620910645;;
94207936,5079365;-99,6443786621094;-109,501693725586;;94207936,5079365;-92,9243316650391;-97,2554473876953;;
94209523,8095238;-92,3966445922852;-99,2272186279297;;94209523,8095238;-95,0922546386719;-106,15502166748;;
94211111,1111111;-92,6302490234375;-110,751327514648;;94211111,1111111;-96,2912902832031;-100,290740966797;;
94212698,4126984;-100,569366455078;-116,859687805176;;94212698,4126984;-90,8146362304688;-99,0048370361328;;
94214285,7142857;-90,2132339477539;-100,071655273438;;94214285,7142857;-89,7371292114258;-95,4296417236328;;
94215873,015873;-90,7441482543945;-97,2423553466797;;94215873,015873;-95,3855209350586;-110,412117004395;;
94217460,3174603;-93,3922882080078;-101,858428955078;;94217460,3174603;-94,7446899414063;-102,604537963867;;
94219047,6190476;-93,3958206176758;-96,4349365234375;;94219047,6190476;-93,2554016113281;-96,9590682983398;;
94220634,9206349;-93,5110778808594;-101,500747680664;;94220634,9206349;-94,1879806518555;-96,922233581543;;
94222222,2222222;-97,5141906738281;-105,949226379395;;94222222,2222222;-94,2865676879883;-102,207145690918;;
94223809,5238095;-96,140869140625;-105,743827819824;;94223809,5238095;-95,451286315918;-98,0580368041992;;
94225396,8253968;-97,1114273071289;-106,885444641113;;94225396,8253968;-95,4468841552734;-104,606338500977;;
94226984,1269841;-96,6200561523438;-98,5627899169922;;94226984,1269841;-94,2699508666992;-104,004020690918;;
94228571,4285714;-92,1061096191406;-101,82942199707;;94228571,4285714;-93,3108901977539;-107,374443054199;;
94230158,7301587;-92,1382446289063;-111,434898376465;;94230158,7301587;-92,9017791748047;-101,276168823242;;
94231746,031746;-92,6815567016602;-102,734512329102;;94231746,031746;-98,555046081543;-108,555313110352;;
94233333,3333333;-97,31591796875;-103,520942687988;;94233333,3333333;-94,109748840332;-106,637825012207;;
94234920,6349206;-96,4359741210938;-97,6171188354492;;94234920,6349206;-93,7302856445313;-105,251602172852;;
94236507,9365079;-97,5852432250977;-99,1547393798828;;94236507,9365079;-92,0546264648438;-102,522827148438;;
94238095,2380952;-95,8262557983398;-97,2919311523438;;94238095,2380952;-94,9398193359375;-109,976661682129;;
94239682,5396825;-97,0733413696289;-111,341079711914;;94239682,5396825;-92,6051559448242;-101,898040771484;;
94241269,8412698;-97,0294799804688;-111,69889831543;;94241269,8412698;-95,1348266601563;-104,8056640625;;
94242857,1428571;-95,8541717529297;-108,169319152832;;94242857,1428571;-92,7967376708984;-94,9161148071289;;
94244444,4444444;-98,132194519043;-108,023109436035;;94244444,4444444;-94,1913528442383;-98,7796783447266;;
94246031,7460317;-95,4806823730469;-110,553718566895;;94246031,7460317;-92,1425094604492;-96,8325576782227;;
94247619,047619;-92,8082580566406;-110,667015075684;;94247619,047619;-94,0615692138672;-98,9669876098633;;
94249206,3492063;-93,1806182861328;-110,44962310791;;94249206,3492063;-95,0023498535156;-96,7918853759766;;
94250793,6507937;-94,2738571166992;-108,461875915527;;94250793,6507937;-90,4637298583984;-95,4931564331055;;
94252380,952381;-91,424934387207;-100,560211181641;;94252380,952381;-92,9271392822266;-94,7676696777344;;
94253968,2539683;-93,0798721313477;-102,876472473145;;94253968,2539683;-94,2936782836914;-108,13272857666;;
94255555,5555556;-95,6642074584961;-100,27507019043;;94255555,5555556;-95,2124481201172;-100,514808654785;;
94257142,8571429;-94,5997009277344;-111,558639526367;;94257142,8571429;-93,8227157592773;-103,962623596191;;
94258730,1587302;-100,54866027832;-109,216781616211;;94258730,1587302;-94,4968948364258;-110,357643127441;;
94260317,4603175;-94,0484466552734;-104,963005065918;;94260317,4603175;-96,3479614257813;-109,54647064209;;
94261904,7619048;-94,0053329467773;-99,9536666870117;;94261904,7619048;-96,0131530761719;-98,0274124145508;;
94263492,0634921;-98,7544021606445;-107,016830444336;;94263492,0634921;-95,4131317138672;-104,699508666992;;
94265079,3650794;-100,804618835449;-107,449768066406;;94265079,3650794;-92,6841812133789;-98,4692077636719;;
94266666,6666667;-94,1589965820313;-100,26872253418;;94266666,6666667;-97,9470596313477;-109,719436645508;;
94268253,968254;-94,5204467773438;-109,502731323242;;94268253,968254;-95,9360427856445;-103,143539428711;;
94269841,2698413;-98,4833526611328;-106,05345916748;;94269841,2698413;-102,572845458984;-112,383445739746;;
94271428,5714286;-90,6111602783203;-102,48095703125;;94271428,5714286;-96,2402114868164;-102,272857666016;;
94273015,8730159;-90,5702285766602;-105,409851074219;;94273015,8730159;-97,507209777832;-108,141876220703;;
94274603,1746032;-95,8165588378906;-106,777565002441;;94274603,1746032;-95,5158843994141;-102,460540771484;;
94276190,4761905;-89,9140625;-101,75944519043;;94276190,4761905;-95,4446792602539;-99,9283447265625;;
94277777,7777778;-93,8526992797852;-101,959182739258;;94277777,7777778;-95,4604110717773;-105,111129760742;;
94279365,0793651;-93,2722549438477;-101,725021362305;;94279365,0793651;-97,7476043701172;-109,630172729492;;
94280952,3809524;-94,1536636352539;-99,0485229492188;;94280952,3809524;-91,6551132202148;-102,19108581543;;
94282539,6825397;-92,6968231201172;-98,2993392944336;;94282539,6825397;-91,024543762207;-98,9978256225586;;
94284126,984127;-97,4772567749023;-99,7117156982422;;94284126,984127;-90,3999328613281;-97,00048828125;;
94285714,2857143;-91,9196853637695;-97,304573059082;;94285714,2857143;-94,9577102661133;-97,9501037597656;;
94287301,5873016;-91,5504989624023;-98,7383728027344;;94287301,5873016;-95,2306060791016;-102,431739807129;;
94288888,8888889;-95,217414855957;-99,9238204956055;;94288888,8888889;-94,9748840332031;-108,435287475586;;
94290476,1904762;-94,659553527832;-101,841873168945;;94290476,1904762;-96,1712875366211;-108,411003112793;;
94292063,4920635;-96,7303695678711;-112,955055236816;;94292063,4920635;-93,1906280517578;-97,0026702880859;;
94293650,7936508;-92,8494262695313;-96,292594909668;;94293650,7936508;-96,8554153442383;-104,968353271484;;
94295238,0952381;-90,4052810668945;-93,89453125;;94295238,0952381;-93,6186447143555;-97,4262313842773;;
94296825,3968254;-90,2964477539063;-94,7127685546875;;94296825,3968254;-96,2690963745117;-98,4076461791992;;
94298412,6984127;-93,8414306640625;-103,869201660156;;94298412,6984127;-90,3461532592773;-96,1381149291992;;
94300000;-88,8800277709961;-95,276252746582;;94300000;-89,6860656738281;-90,3815307617188;;
94301587,3015873;-92,0435333251953;-96,4375;;94301587,3015873;-88,6905975341797;-92,9797058105469;;
94303174,6031746;-92,0990371704102;-99,8586730957031;;94303174,6031746;-88,6505889892578;-102,630149841309;;
94304761,9047619;-97,7688980102539;-107,278411865234;;94304761,9047619;-90,8186264038086;-98,4592590332031;;
94306349,2063492;-95,6584396362305;-106,664527893066;;94306349,2063492;-91,7991790771484;-102,468742370605;;
94307936,5079365;-92,7311248779297;-100,20433807373;;94307936,5079365;-91,9767684936523;-96,2509307861328;;
94309523,8095238;-96,9051361083984;-109,350082397461;;94309523,8095238;-92,7412261962891;-113,584823608398;;
94311111,1111111;-97,4949722290039;-104,448280334473;;94311111,1111111;-96,0475692749023;-103,816619873047;;
94312698,4126984;-97,250732421875;-108,005462646484;;94312698,4126984;-91,7469863891602;-95,9631958007813;;
94314285,7142857;-99,6971969604492;-102,857482910156;;94314285,7142857;-93,8126831054688;-98,0678939819336;;
94315873,015873;-94,0337448120117;-109,955200195313;;94315873,015873;-95,5114440917969;-97,3358001708984;;
94317460,3174603;-91,9134140014648;-103,050064086914;;94317460,3174603;-93,4623336791992;-106,503044128418;;
94319047,6190476;-94,7987976074219;-111,57495880127;;94319047,6190476;-93,6049575805664;-103,811378479004;;
94320634,9206349;-94,9424133300781;-97,7114562988281;;94320634,9206349;-95,3369750976563;-103,195053100586;;
94322222,2222222;-95,4318084716797;-101,961387634277;;94322222,2222222;-93,9291839599609;-106,93758392334;;
94323809,5238095;-93,2446517944336;-101,147743225098;;94323809,5238095;-95,2372207641602;-106,816833496094;;
94325396,8253968;-95,1068420410156;-110,648719787598;;94325396,8253968;-94,6054534912109;-98,6046142578125;;
94326984,1269841;-93,435188293457;-103,117568969727;;94326984,1269841;-96,1360168457031;-102,80940246582;;
94328571,4285714;-96,9479141235352;-103,766059875488;;94328571,4285714;-92,851692199707;-101,800483703613;;
94330158,7301587;-95,778450012207;-109,023895263672;;94330158,7301587;-94,4380722045898;-107,81526184082;;
94331746,031746;-98,0128326416016;-104,417953491211;;94331746,031746;-97,9114074707031;-110,872955322266;;
94333333,3333333;-95,7382278442383;-105,720085144043;;94333333,3333333;-90,4332962036133;-97,1473846435547;;
94334920,6349206;-94,3267059326172;-102,907577514648;;94334920,6349206;-92,3422088623047;-98,4771728515625;;
94336507,9365079;-93,5349273681641;-99,4763107299805;;94336507,9365079;-95,1466827392578;-102,131454467773;;
94338095,2380952;-95,67822265625;-99,1298751831055;;94338095,2380952;-92,0029602050781;-101,130462646484;;
94339682,5396825;-97,7570343017578;-106,54808807373;;94339682,5396825;-92,8493423461914;-99,8035049438477;;
94341269,8412698;-94,6461029052734;-102,597076416016;;94341269,8412698;-91,4914474487305;-104,493545532227;;
94342857,1428571;-98,1771850585938;-105,918243408203;;94342857,1428571;-93,9585189819336;-106,377738952637;;
94344444,4444444;-91,5054321289063;-97,6290740966797;;94344444,4444444;-90,4399871826172;-105,72144317627;;
94346031,7460317;-91,2321090698242;-95,9446716308594;;94346031,7460317;-89,0246810913086;-92,850471496582;;
94347619,047619;-93,8883056640625;-105,043365478516;;94347619,047619;-92,2408981323242;-104,23754119873;;
94349206,3492063;-99,7139511108398;-105,739288330078;;94349206,3492063;-90,0740585327148;-104,37467956543;;
94350793,6507937;-103,519500732422;-112,70149230957;;94350793,6507937;-90,6449432373047;-92,3678207397461;;
94352380,952381;-96,7089004516602;-104,532989501953;;94352380,952381;-91,1380233764648;-98,2230377197266;;
94353968,2539683;-96,6476440429688;-108,327453613281;;94353968,2539683;-91,1542739868164;-101,923690795898;;
94355555,5555556;-99,2481842041016;-104,912796020508;;94355555,5555556;-93,9843597412109;-107,886810302734;;
94357142,8571429;-97,4150009155273;-100,860061645508;;94357142,8571429;-93,8471069335938;-115,612274169922;;
94358730,1587302;-96,8360900878906;-104,555435180664;;94358730,1587302;-91,8333282470703;-115,031158447266;;
94360317,4603175;-96,6348495483398;-103,42692565918;;94360317,4603175;-90,4729156494141;-92,5449523925781;;
94361904,7619048;-96,4922027587891;-109,172096252441;;94361904,7619048;-91,2271423339844;-92,3766250610352;;
94363492,0634921;-92,5152893066406;-96,3636016845703;;94363492,0634921;-88,2619552612305;-91,8158721923828;;
94365079,3650794;-93,2395324707031;-107,689544677734;;94365079,3650794;-88,8329772949219;-97,8586883544922;;
94366666,6666667;-103,152114868164;-115,838508605957;;94366666,6666667;-92,0430145263672;-98,2073516845703;;
94368253,968254;-100,61457824707;-112,488342285156;;94368253,968254;-93,9739227294922;-99,3738174438477;;
94369841,2698413;-94,6899185180664;-100,129676818848;;94369841,2698413;-90,8225555419922;-95,444580078125;;
94371428,5714286;-91,5641403198242;-99,4628372192383;;94371428,5714286;-94,1543350219727;-99,4422073364258;;
94373015,8730159;-91,7190551757813;-94,0399398803711;;94373015,8730159;-90,4920120239258;-98,5858306884766;;
94374603,1746032;-93,8748168945313;-109,023025512695;;94374603,1746032;-90,4543151855469;-108,991020202637;;
94376190,4761905;-92,4752044677734;-106,399536132813;;94376190,4761905;-92,7618865966797;-104,16423034668;;
94377777,7777778;-90,7735595703125;-96,0498199462891;;94377777,7777778;-92,5116195678711;-100,736694335938;;
94379365,0793651;-90,841552734375;-100,376434326172;;94379365,0793651;-90,2038269042969;-103,583198547363;;
94380952,3809524;-89,2113952636719;-92,5546035766602;;94380952,3809524;-90,5560302734375;-99,5593109130859;;
94382539,6825397;-88,5185775756836;-99,5358657836914;;94382539,6825397;-90,39208984375;-96,03271484375;;
94384126,984127;-90,0036544799805;-99,9695281982422;;94384126,984127;-90,6805267333984;-98,0276794433594;;
94385714,2857143;-88,7435989379883;-96,6768112182617;;94385714,2857143;-90,8316345214844;-103,742233276367;;
94387301,5873016;-91,3728942871094;-96,5718231201172;;94387301,5873016;-96,5074844360352;-102,046600341797;;
94388888,8888889;-90,3407287597656;-101,247985839844;;94388888,8888889;-94,9234390258789;-98,7431869506836;;
94390476,1904762;-95,5116348266602;-101,622200012207;;94390476,1904762;-94,7109222412109;-105,971733093262;;
94392063,4920635;-91,1981201171875;-97,2743606567383;;94392063,4920635;-88,6621017456055;-98,9920120239258;;
94393650,7936508;-91,899299621582;-96,1544952392578;;94393650,7936508;-88,7163543701172;-110,299430847168;;
94395238,0952381;-91,9147491455078;-95,737174987793;;94395238,0952381;-89,987434387207;-100,216773986816;;
94396825,3968254;-93,0197143554688;-102,658020019531;;94396825,3968254;-92,5803375244141;-107,252990722656;;
94398412,6984127;-97,0867614746094;-103,849365234375;;94398412,6984127;-96,480354309082;-109,179916381836;;
94400000;-95,1538162231445;-103,219139099121;;94400000;-91,3508148193359;-96,0721588134766;;
